﻿<?xml version="1.0" encoding="utf-8"?>
<publishData>
  <publishProfile publishUrl="E:\ddsc\project\統一\外期法人系統\發布\WS_LService" deleteExistingFiles="True" ftpAnonymousLogin="False" ftpPassiveMode="True" msdeploySite="" msdeploySiteID="" msdeployRemoteSitePhysicalPath="" msdeployAllowUntrustedCertificate="False" msdeploySkipExtraFilesOnServer="True" msdeployMarkAsApp="False" profileName="設定檔1" publishMethod="FileSystem" replaceMatchingFiles="False" userName="" savePWD="False" userPWD="" SelectedForPublish="True">
    <file relUrl="Update.xml" publishTime="11/08/2016 17:49:15" />
    <file relUrl="com.ddsc.BI.Account.dll" publishTime="01/14/2016 13:11:36" />
    <file relUrl="Web.config" publishTime="01/24/2018 10:35:51" />
    <file relUrl="DGWProtocols.dll" publishTime="01/14/2016 13:12:16" />
    <file relUrl="bin/WS_LService.pdb" publishTime="01/24/2018 10:35:42" />
    <file relUrl="LService.asmx" publishTime="07/26/2016 12:12:52" />
    <file relUrl="MySql.Data.dll" publishTime="06/17/2016 18:28:04" />
    <file relUrl="bin/WS_LService.dll" publishTime="01/24/2018 10:35:42" />
    <file relUrl="com.ddsc.nets.client.dll" publishTime="08/21/2015 14:15:18" />
    <file relUrl="bin/MySql.Data.dll" publishTime="06/17/2016 18:28:04" />
  </publishProfile>
</publishData>