<fix major="4" minor="2">
  <header>
    <field name="BeginString" required="Y" />
    <field name="BodyLength" required="Y" />
    <field name="MsgType" required="Y" />
    <field name="SenderCompID" required="Y" />
    <field name="TargetCompID" required="Y" />
    <field name="MsgSeqNum" required="Y" />
    <field name="SenderSubID" required="N" />
    <field name="TargetSubID" required="N" />
    <field name="OnBehalfOfSubID" required="N" />
    <field name="DeliverToSubID" required="N" />
    <field name="PossDupFlag" required="N" />
    <field name="PossResendFlag" required="N" />
    <field name="SendingTime" required="Y" />
    <field name="OrigSendingTime" required="N" />
  </header>
  <trailer>
    <field name="CheckSum" required="Y" />
  </trailer>
  <messages>
    <message name="Heartbeat" msgtype="0" msgcat="admin">
      <field name="TestReqID" required="N" />
    </message>
    <message name="Logon" msgtype="A" msgcat="admin">
      <field name="RawData" required="N" />
      <field name="EncryptMethod" required="Y" />
      <field name="HeartBtInt" required="Y" />
      <field name="ResetSeqNumFlag" required="N" />
    </message>
    <message name="TestRequest" msgtype="1" msgcat="admin">
      <field name="TestReqID" required="Y" />
    </message>
    <message name="ResendRequest" msgtype="2" msgcat="admin">
      <field name="BeginSeqNo" required="Y" />
      <field name="EndSeqNo" required="Y" />
    </message>
    <message name="Reject" msgtype="3" msgcat="admin">
      <field name="RefSeqNum" required="Y" />
      <field name="Text" required="Y" />
      <field name="RefTagID" required="Y" />
      <field name="RefMsgType" required="Y" />
      <field name="SessionRejectReason" required="Y" />
    </message>
    <message name="SequenceReset" msgtype="4" msgcat="admin">
      <field name="GapFillFlag" required="N" />
      <field name="NewSeqNo" required="Y" />
    </message>
    <message name="Logout" msgtype="5" msgcat="admin">
      <field name="Text" required="N" />
      <field name="ForceLogout" required="N" />
    </message>
    <!-- FIX Adapter restricts the MarketDataRequest message to its Price session.  -->
    <message name="MarketDataRequest" msgtype="V" msgcat="app">
      <field name="MDReqID" required="Y" />
      <field name="SubscriptionRequestType" required="Y" />
      <field name="MarketDepth" required="Y" />
      <field name="MDUpdateType" required="N" />
      <field name="AggregatedBook" required="N" />
      <field name="IncludeNumberOfOrders" required="N" />
      <group name="NoMDEntryTypes" required="N">
        <field name="MDEntryType" required="N" />
      </group>
      <group name="NoRelatedSym" required="Y">
        <field name="Symbol" required="N" />
        <field name="SecurityType" required="N" />
        <field name="MaturityMonthYear" required="N" />
        <field name="MaturityDay" required="N" />
        <field name="PutOrCall" required="N" />
        <field name="StrikePrice" required="N" />
        <field name="OptAttribute" required="N" />
        <field name="SecurityID" required="N" />
        <field name="SecurityAltID" required="N" />
        <field name="SecurityExchange" required="N" />
        <field name="SettlType" required="N" />
        <field name="DeliveryTerm" required="N" />
      </group>
    </message>
    <!-- FIX Adapter restricts the MarketDataSnapshotFullRefresh message to its Price session.  -->
    <message name="MarketDataSnapshotFullRefresh" msgtype="W" msgcat="app">
      <!-- FIX Adapter will always send MDReqID. -->
      <field name="MDReqID" required="Y" />
      <field name="Symbol" required="Y" />
      <field name="SecurityType" required="Y" />
      <field name="MaturityMonthYear" required="N" />
      <field name="MaturityDay" required="N" />
      <field name="PutOrCall" required="N" />
      <field name="StrikePrice" required="N" />
      <field name="OptAttribute" required="N" />
      <field name="SecurityID" required="Y" />
      <field name="SecurityAltID" required="N" />
      <field name="SecurityExchange" required="Y" />
      <field name="SettlType" required="N" />
      <field name="TotalVolumeTraded" required="N" />
      <field name="Currency" required="N" />
      <field name="PriceFeedStatus" required="N" />
      <field name="DeliveryTerm" required="N" />
      <group name="NoMDEntries" required="Y">
        <field name="MDEntryType" required="Y" />
        <field name="MDEntryPx" required="N" />
        <field name="MDEntrySize" required="N" />
        <field name="MDEntryPositionNo" required="N" />
        <field name="SecondaryOrderID" required="N" />
        <field name="MDEntryState" required="N" />
        <field name="AggressorSide" required="N" />
        <field name="MDEntrySizeType" required="N" />
        <field name="NumberOfOrders" required="N" />
        <field name="ExactNumOrdersIndicator" required="N" />
      </group>
    </message>
    <!-- FIX Adapter restricts the MarketDataIncrementalRefresh message to its Price session.  -->
    <message name="MarketDataIncrementalRefresh" msgtype="X" msgcat="app">
      <!-- FIX Adapter will always send MDReqID. -->
      <field name="MDReqID" required="Y" />
      <group name="NoMDEntries" required="Y">
        <field name="MDUpdateAction" required="Y" />
        <field name="Symbol" required="N" />
        <field name="SecurityType" required="N" />
        <field name="MaturityMonthYear" required="N" />
        <field name="MaturityDay" required="N" />
        <field name="PutOrCall" required="N" />
        <field name="StrikePrice" required="N" />
        <field name="OptAttribute" required="N" />
        <field name="SecurityID" required="N" />
        <field name="SecurityAltID" required="N" />
        <field name="SecurityExchange" required="N" />
        <field name="SettlType" required="N" />
        <field name="MDEntryType" required="Y" />
        <field name="MDEntryPx" required="N" />
        <field name="MDEntrySize" required="N" />
        <field name="MDEntryBuyer" required="N" />
        <field name="MDEntrySeller" required="N" />
        <field name="MDEntryPositionNo" required="N" />
        <field name="TotalVolumeTraded" required="N" />
        <field name="SecondaryOrderID" required="N" />
        <field name="MDEntryState" required="N" />
        <field name="Currency" required="N" />
        <field name="PriceFeedStatus" required="N" />
        <field name="DeliveryTerm" required="N" />
        <field name="AggressorSide" required="N" />
        <field name="MDEntrySizeType" required="N" />
        <field name="NumberOfOrders" required="N" />
        <field name="ExactNumOrdersIndicator" required="N" />
      </group>
    </message>
    <!-- FIX Adapter restricts the MarketDataRequestReject message to its Price session.  -->
    <message name="MarketDataRequestReject" msgtype="Y" msgcat="app">
      <field name="MDReqID" required="Y" />
      <field name="Text" required="Y" />
    </message>
    <message name="SecurityDefinitionRequest" msgtype="c" msgcat="app">
      <field name="SecurityReqID" required="Y" />
      <field name="SecurityRequestType" required="N" />
      <field name="RequestTickTable" required="N" />
      <field name="Symbol" required="N" />
      <field name="SecurityID" required="N" />
      <field name="SecurityType" required="N" />
      <field name="SecurityExchange" required="N" />
    </message>
    <message name="SecurityDefinition" msgtype="d" msgcat="app">
      <field name="SecurityReqID" required="Y" />
      <field name="SecurityResponseID" required="Y" />
      <field name="SecurityResponseType" required="Y" />
      <group name="NoRelatedSym" required="N">
        <field name="UnderlyingSymbol" required="N" />
        <field name="UnderlyingSecurityID" required="N" />
        <field name="UnderlyingSecurityType" required="N" />
        <field name="UnderlyingMaturityMonthYear" required="N" />
        <field name="UnderlyingStrikePrice" required="N" />
        <field name="UnderlyingPutOrCall" required="N" />
        <field name="UnderlyingMaturityDay" required="N" />
        <field name="UnderlyingOptAttribute" required="N" />
        <field name="UnderlyingSecurityExchange" required="N" />
        <field name="UnderlyingSecurityAltID" required="N" />
        <field name="UnderlyingDeliveryTerm" required="N" />
        <field name="Side" required="N" />
        <field name="RatioQty" required="N" />
        <field name="UnderlyingCurrency" required="N" />
        <field name="LegPrice" required="N" />
      </group>
      <field name="TotalNumSecurities" required="Y" />
      <field name="Currency" required="Y" />
      <field name="ExpectedFillType" required="N" />
      <field name="PriceDisplayType" required="Y" />
      <field name="TickSize" required="Y" />
      <field name="PointValue" required="Y" />
      <group name="NumTickTblEntries" required="Y">
        <field name="NumTicks" required="N" />
        <field name="MaxPrice" required="N" />
      </group>
      <group name="NoEvents" required="N">
        <field name="EventType" required="N" />
        <field name="EventDate" required="N" />
      </group>
      <group name="NoGateways" required="N">
        <field name="ExchangeGateway" required="N" />
      </group>
      <field name="LotSize" required="N" />
      <field name="ExchTickSize" required="Y" />
      <field name="ExchPointValue" required="Y" />
      <field name="SecuritySubType" required="N" />
      <field name="Symbol" required="Y" />
      <field name="SecurityID" required="Y" />
      <field name="SecurityAltID" required="N" />
      <field name="SecurityType" required="N" />
      <field name="MaturityMonthYear" required="N" />
      <field name="MaturityDay" required="N" />
      <field name="PutOrCall" required="N" />
      <field name="StrikePrice" required="N" />
      <field name="OptAttribute" required="N" />
      <field name="SecurityExchange" required="Y" />
      <field name="DeliveryTerm" required="N" />
      <field name="SettlType" required="N" />
      <field name="DeliveryUnit" required="N" />
      <field name="Blocks" required="N" />
      <field name="TradesInFlow" required="N" />
      <field name="SecurityDesc" required="N" />
      <field name="TTSecurityAlias" required="N" />
      <field name="ExchContractSymbol" required="N" />
    </message>
    <!-- FIX Adapter restricts the SecurityStatusRequest message to its Price session.  -->
    <message name="SecurityStatusRequest" msgtype="e" msgcat="app">
      <field name="SecurityStatusReqID" required="Y" />
      <field name="SubscriptionRequestType" required="Y" />
      <field name="Symbol" required="N" />
      <field name="SecurityType" required="N" />
      <field name="MaturityMonthYear" required="N" />
      <field name="MaturityDay" required="N" />
      <field name="PutOrCall" required="N" />
      <field name="StrikePrice" required="N" />
      <field name="OptAttribute" required="N" />
      <field name="DeliveryTerm" required="N" />
      <field name="SecurityID" required="N" />
      <field name="SecurityAltID" required="N" />
      <field name="SecurityExchange" required="N" />
      <field name="SettlType" required="N" />
    </message>
    <!-- FIX Adapter restricts the SecurityStatus message to its Price session.  -->
    <message name="SecurityStatus" msgtype="f" msgcat="app">
      <field name="SecurityStatusReqID" required="Y" />
      <field name="Symbol" required="Y" />
      <field name="SecurityType" required="Y" />
      <field name="MaturityMonthYear" required="N" />
      <field name="MaturityDay" required="N" />
      <field name="PutOrCall" required="N" />
      <field name="StrikePrice" required="N" />
      <field name="OptAttribute" required="N" />
      <field name="SecurityID" required="Y" />
      <field name="SecurityAltID" required="N" />
      <field name="SecurityExchange" required="Y" />
      <field name="DeliveryTerm" required="N" />
      <field name="SettlType" required="N" />
      <field name="SecurityTradingStatus" required="Y" />
      <field name="Text" required="N" />
      <field name="Currency" required="N" />
    </message>
    <message name="NewOrderSingle" msgtype="D" msgcat="app">
      <field name="ClOrdID" required="Y" />
      <field name="Symbol" required="N" />
      <field name="SecurityType" required="N" />
      <field name="MaturityMonthYear" required="N" />
      <field name="MaturityDay" required="N" />
      <field name="PutOrCall" required="N" />
      <field name="StrikePrice" required="N" />
      <field name="OptAttribute" required="N" />
      <field name="SecurityID" required="N" />
      <field name="SecurityAltID" required="N" />
      <field name="SecurityExchange" required="Y" />
      <field name="SettlType" required="N" />
      <field name="DeliveryTerm" required="N" />
      <field name="Account" required="Y" />
      <field name="ClearingAccount" required="N" />
      <field name="FFT2" required="N" />
      <field name="FFT3" required="N" />
      <field name="Rule80A" required="N" />
      <field name="CustomerOrFirm" required="N" />
      <field name="Price" required="N" />
      <field name="StopPx" required="N" />
      <field name="OrderQty" required="Y" />
      <field name="MinQty" required="N" />
      <field name="MaxShow" required="N" />
      <field name="Side" required="Y" />
      <field name="OrdType" required="Y" />
      <field name="OpenClose" required="N" />
      <field name="TimeInForce" required="N" />
      <field name="ExpireDate" required="N" />
      <field name="PassiveAggressive" required="N" />
      <field name="AutoAggressive" required="N" />
      <field name="ExecInst" required="N" />
      <field name="ExchangeGateway" required="N" />
      <field name="TransactTime" required="N" />
      <field name="UserTag" required="N" />
      <field name="OrderTag" required="N" />
      <field name="StagedOrderMsg" required="N" />
      <field name="HandlInst" required="N" />
      <field name="StagedRoutingLevel" required="N" />
      <field name="ManualOrderIndicator" required="N" />
      <field name="OrderOriginationID" required="N" />
      <field name="BrokerID" required="N" />
      <field name="SecuritySubType" required="N" />
      <group name="NoRelatedSym" required="N">
        <field name="UnderlyingSymbol" required="N" />
        <field name="UnderlyingSecurityID" required="N" />
        <field name="UnderlyingSecurityType" required="N" />
        <field name="UnderlyingMaturityMonthYear" required="N" />
        <field name="UnderlyingStrikePrice" required="N" />
        <field name="UnderlyingPutOrCall" required="N" />
        <field name="UnderlyingMaturityDay" required="N" />
        <field name="UnderlyingOptAttribute" required="N" />
        <field name="UnderlyingSecurityExchange" required="N" />
        <field name="UnderlyingDeliveryTerm" required="N" />
        <field name="UnderlyingSecurityAltID" required="N" />
        <field name="LegSide" required="N" />
        <field name="RatioQty" required="N" />
        <field name="LegPrice" required="N" />
      </group>
    </message>
    <message name="ExecutionReport" msgtype="8" msgcat="app">
      <field name="ExecID" required="Y" />
      <field name="SecondaryExecID" required="N" />
      <field name="OrderID" required="Y" />
      <field name="SecondaryOrderID" required="N" />
      <field name="ClOrdID" required="N" />
      <field name="ExecType" required="Y" />
      <field name="OrigClOrdID" required="N" />
      <field name="OrdRejReason" required="N" />
      <field name="LastShares" required="N" />
      <field name="MultiLegReportingType" required="N" />
      <field name="OrdStatus" required="Y" />
      <field name="LeavesQty" required="Y" />
      <field name="CumQty" required="Y" />
      <field name="Text" required="N" />
      <field name="ExecRefID" required="N" />
      <field name="ExecTransType" required="Y" />
      <field name="OrigExecID" required="N" />
      <field name ="TTSessionID" required ="N" />
      <field name="TotalNumOrders" required="N" />
      <field name="Symbol" required="N" />
      <field name="SecurityType" required="N" />
      <field name="MaturityMonthYear" required="N" />
      <field name="MaturityDay" required="N" />
      <field name="PutOrCall" required="N" />
      <field name="StrikePrice" required="N" />
      <field name="OptAttribute" required="N" />
      <field name="SecurityID" required="N" />
      <field name="SecurityAltID" required="N" />
      <field name="SecurityExchange" required="N" />
      <field name="DeliveryTerm" required="N" />
      <field name="SettlType" required="N" />
      <field name="Account" required="N" />
      <field name="ClearingAccount" required="N" />
      <field name="FFT2" required="N" />
      <field name="FFT3" required="N" />
      <field name="Rule80A" required="N" />
      <field name="CustomerOrFirm" required="N" />
      <field name="Price" required="N" />
      <field name="StopPx" required="N" />
      <field name="OrderQty" required="N" />
      <field name="MinQty" required="N" />
      <field name="MaxShow" required="N" />
      <field name="Side" required="N" />
      <field name="OrdType" required="N" />
      <field name="OpenClose" required="N" />
      <field name="TimeInForce" required="N" />
      <field name="ContraBroker" required="N" />
      <field name="ExecBroker" required="N" />
      <field name="ExpireDate" required="N" />
      <field name="ExecRestatementReason" required="N"/>
      <field name="PassiveAggressive" required="N" />
      <field name="AutoAggressive" required="N" />
      <field name="LastPx" required="N" />
      <field name="AvgPx" required="Y" />
      <field name="OrderEnteredTime" required="N" />
      <field name="TransactTime" required="Y" />
      <field name="SecuritySubType" required="N" />
      <field name="LastParPx" required="N" />
      <field name="ExchangeGateway" required="N" />
      <field name="TTAccountType" required="N" />
      <field name="TTUsername" required="N" />
      <field name="Currency" required="N" />
      <field name="TradeDate" required="N" />
      <field name="FixingDate" required="N" />
      <field name="ManualOrderIndicator" required="N" />
      <field name="OrderOriginationID" required="N" />
      <field name="RelativePriceType" required="N" />
      <field name="RelativePriceOffset" required="N" />
      <field name="StartDateTime" required="N" />
      <field name="EndDateTime" required="N" />
      <field name="EndDateTimeAction" required="N" />
      <field name="WATType" required="N" />
      <field name="WATValue" required="N" />
      <field name="MGNumRetries" required="N" />
      <field name="MGRetryInterval" required="N" />
      <field name="TriggerPrice" required="N" />
      <field name="TriggerPriceType" required="N" />
      <field name="TriggerQtyType" required="N" />
      <field name="TriggerQtyOperator" required="N" />
      <field name="SyntheticOrdType" required="N" />
      <field name="SyntheticOrdStatus" required="N" />
      <field name="SyntheticOrdMod" required="N" />
      <field name="TriggerQty" required="N" />
      <field name="TrailingOffset" required="N" />
      <field name="TrailingPriceType" required="N" />
      <field name="SlicerIntervalValue" required="N" />
      <field name="SlicerIntervalUnit" required="N" />
      <field name="DurationType" required="N" />
      <field name="DurationValue" required="N" />
      <field name="DurationUnit" required="N" />
      <field name="DurationBeginTime" required="N" />
      <field name="DurationEndTime" required="N" />
      <field name="DisclosedQtyValue" required="N" />
      <field name="DisclosedQtyVariance" required="N" />
      <field name="LeftActionTrigger" required="N" />
      <field name="LeftAction" required="N" />
      <field name="LeftPayupTicks" required="N" />
      <field name="BrokerID" required="N" />
      <field name="CompanyID" required="N" />
      <field name="MarketOrderLimit" required="N" />
      <field name="TrdType" required="N" />
      <group name="NoMiscFees" required="N">
        <field name="MiscFeeAmt" required="N" />
      </group>
      <group name="NoRelatedSym" required="N">
        <field name="UnderlyingSymbol" required="N" />
        <field name="UnderlyingSecurityID" required="N" />
        <field name="UnderlyingSecurityType" required="N" />
        <field name="UnderlyingMaturityMonthYear" required="N" />
        <field name="UnderlyingStrikePrice" required="N" />
        <field name="UnderlyingPutOrCall" required="N" />
        <field name="UnderlyingMaturityDay" required="N" />
        <field name="UnderlyingOptAttribute" required="N" />
        <field name="UnderlyingSecurityExchange" required="N" />
        <field name="UnderlyingSecurityAltID" required="N" />
        <field name="UnderlyingDeliveryTerm" required="N" />
        <field name="LegSide" required="N" />
        <field name="RatioQty" required="N" />
        <field name="UnderlyingCurrency" required="N" />
        <field name="LegPrice" required="N" />
      </group>
      <field name="TradeCondition" required="N" />
      <field name="UserTag" required="N" />
      <field name="OrderTag" required="N" />
      <field name="StagedOrderMsg" required="N" />
      <field name="StagedOrderOwner" required="N" />
      <field name="StagedOrderStatus" required="N" />
      <field name="HandlInst" required="N" />
      <field name="StagedRoutingLevel" required="N" />
      <field name="ExchCred" required="N" />
      <field name="TTStrategyEngine" required="N" />
      <field name="ExchangeOrderID" required="N" />
      <group name="NoLinks" required="N">
        <field name="LinkID" required="Y" />
        <field name="LinkType" required="Y" />
      </group>
    </message>
    <message name="OrderCancelReplaceRequest" msgtype="G" msgcat="app">
      <field name="OrigClOrdID" required="N" />
      <field name="ClOrdID" required="Y" />
      <field name="OrderID" required="N" />
      <field name="Symbol" required="N" />
      <field name="SecurityType" required="N" />
      <field name="MaturityMonthYear" required="N" />
      <field name="MaturityDay" required="N" />
      <field name="PutOrCall" required="N" />
      <field name="StrikePrice" required="N" />
      <field name="OptAttribute" required="N" />
      <field name="SecurityID" required="N" />
      <field name="SecurityAltID" required="N" />
      <field name="SecurityExchange" required="N" />
      <field name="DeliveryTerm" required="N" />
      <field name="SettlType" required="N" />
      <field name="Account" required="N" />
      <field name="ClearingAccount" required="N" />
      <field name="FFT2" required="N" />
      <field name="FFT3" required="N" />
      <field name="Rule80A" required="N" />
      <field name="CustomerOrFirm" required="N" />
      <field name="Price" required="N" />
      <field name="StopPx" required="N" />
      <field name="OrderQty" required="Y" />
      <field name="MinQty" required="N" />
      <field name="MaxShow" required="N" />
      <field name="Side" required="Y" />
      <field name="OrdType" required="Y" />
      <field name="OpenClose" required="N" />
      <field name="TimeInForce" required="N" />
      <field name="ExpireDate" required="N" />
      <field name="PassiveAggressive" required="N" />
      <field name="AutoAggressive" required="N" />
      <field name="ExecInst" required="N" />
      <field name="ExchangeGateway" required="N" />
      <field name="TransactTime" required="N" />
      <field name="SecuritySubType" required="N" />
      <field name="UserTag" required="N" />
      <field name="OrderTag" required="N" />
      <field name="StagedOrderMsg" required="N" />
      <field name="HandlInst" required="N" />
      <field name="StagedRoutingLevel" required="N" />
      <field name="ManualOrderIndicator" required="N" />
      <field name="OrderOriginationID" required="N" />
      <field name="BrokerID" required="N" />
      <group name="NoRelatedSym" required="N">
        <field name="UnderlyingSymbol" required="N" />
        <field name="UnderlyingSecurityID" required="N" />
        <field name="UnderlyingSecurityType" required="N" />
        <field name="UnderlyingMaturityMonthYear" required="N" />
        <field name="UnderlyingStrikePrice" required="N" />
        <field name="UnderlyingPutOrCall" required="N" />
        <field name="UnderlyingMaturityDay" required="N" />
        <field name="UnderlyingOptAttribute" required="N" />
        <field name="UnderlyingSecurityExchange" required="N" />
        <field name="UnderlyingSecurityAltID" required="N" />
        <field name="UnderlyingDeliveryTerm" required="N" />
        <field name="LegSide" required="N" />
        <field name="RatioQty" required="N" />
        <field name="LegPrice" required="N" />
      </group>
    </message>
    <message name="OrderCancelRequest" msgtype="F" msgcat="app">
      <field name="OrigClOrdID" required="N" />
      <field name="ClOrdID" required="Y" />
      <field name="OrderID" required="N" />
      <field name="Account" required="N" />
      <field name="FFT2" required="N" />
      <field name="FFT3" required="N" />
      <field name="Rule80A" required="N" />
      <field name="CustomerOrFirm" required="N" />
      <field name="ClearingAccount" required="N" />
      <field name="ManualOrderIndicator" required="N" />
      <field name="OrderOriginationID" required="N" />
    </message>
    <message name="OrderCancelReject" msgtype="9" msgcat="app">
      <field name="OrderID" required="Y" />
      <field name="ClOrdID" required="Y" />
      <field name="OrigClOrdID" required="N" />
      <field name="SecondaryOrderID" required="N" />
      <field name="Account" required="N" />
      <field name="OrdStatus" required="Y" />
      <field name="TransactTime" required="Y" />
      <field name="CxlRejResponseTo" required="Y" />
      <field name="CxlRejReason" required="Y" />
      <field name="Text" required="N" />
      <field name="TTUsername" required="N" />
      <field name="UserTag" required="N" />
      <field name="OrderTag" required="N" />
      <field name="StagedOrderMsg" required="N" />
      <field name="StagedOrderOwner" required="N" />
      <field name="StagedOrderStatus" required="N" />
      <field name="HandlInst" required="N" />
      <field name="StagedRoutingLevel" required="N" />
      <field name="BrokerID" required="N" />
      <field name="CompanyID" required="N" />
    </message>
    <message name="OrderStatusRequest" msgtype="H" msgcat="app">
      <field name="Account" required="N" />
      <field name="ClOrdID" required="N" />
      <field name="OrderID" required="N" />
    </message>
    <message name="BusinessMessageReject" msgtype="j" msgcat="app">
      <field name="RefSeqNum" required="Y" />
      <field name="RefMsgType" required="Y" />
      <field name="BusinessRejectRefID" required="N" />
      <field name="BusinessRejectReason" required="Y" />
      <field name="Text" required="N" />
    </message>
    <!-- Begin FIX Adapter Custom Messages -->
    <message name="PositionReport" msgtype="UAP" msgcat="app">
      <field name="Symbol" required="N" />
      <field name="SecurityType" required="N" />
      <field name="MaturityMonthYear" required="N" />
      <field name="MaturityDay" required="N" />
      <field name="PutOrCall" required="N" />
      <field name="StrikePrice" required="N" />
      <field name="OptAttribute" required="N" />
      <field name="SecurityID" required="N" />
      <field name="SecurityAltID" required="N" />
      <field name="SecurityExchange" required="N" />
      <field name="DeliveryTerm" required="N" />
      <field name="SettlType" required="N" />
      <field name="Account" required="N" />
      <field name="Price" required="N" />
      <field name="StopPx" required="N" />
      <field name="OrderQty" required="N" />
      <field name="MinQty" required="N" />
      <field name="MaxShow" required="N" />
      <field name="Side" required="N" />
      <field name="OrdType" required="N" />
      <field name="OpenClose" required="N" />
      <field name="TimeInForce" required="N" />
      <field name="ContraBroker" required="N" />
      <field name="ExecBroker" required="N" />
      <field name="ExpireDate" required="N" />
      <field name="PassiveAggressive" required="N" />
      <field name="AutoAggressive" required="N" />
      <field name="PosReqId" required="Y" />
      <field name="PosMaintRptId" required="Y" />
      <field name="TotalNumPosReports" required="Y" />
      <field name="PosReqType" required="Y" />
      <field name="RealizedPandL" required="N" />
      <field name="LastShares" required="N" />
      <field name="LastPx" required="N" />
      <field name="OrderID" required="N" />
      <field name="ExecID" required="N" />
      <field name="SecondaryExecID" required="N" />
      <field name="ExecRefID" required="N" />
      <field name="ExecTransType" required="N" />
      <field name="OrigExecID" required="N" />
      <field name ="TTSessionID" required ="N" />
      <field name="Text" required="N" />
      <field name="MultiLegReportingType" required="N" />
      <field name="TransactTime" required="N" />
      <field name="SecuritySubType" required="N" />
      <field name="ClearingAccount" required="N" />
      <field name="LastParPx" required="N" />
      <field name="ExchangeGateway" required="N" />
      <field name="TTAccountType" required="N" />
      <field name="TTUsername" required="N" />
      <field name="ClearingAccount" required="N" />
      <field name="FFT2" required="N" />
      <field name="FFT3" required="N" />
      <field name="Rule80A" required="N" />
      <field name="CustomerOrFirm" required="N" />
      <field name="TradeCondition" required="N" />
      <field name="Currency" required="N" />
      <field name="TradeDate" required="N" />
      <field name="FixingDate" required="N" />
      <field name="SecondaryOrderID" required="N" />
      <field name="UserTag" required="N" />
      <field name="OrderTag" required="N" />
      <field name="TrdType" required="N" />
      <field name="ExchCred" required="N" />
      <field name="TTStrategyEngine" required="N" />
      <field name="RelativePriceType" required="N" />
      <field name="RelativePriceOffset" required="N" />
      <field name="StartDateTime" required="N" />
      <field name="EndDateTime" required="N" />
      <field name="EndDateTimeAction" required="N" />
      <field name="WATType" required="N" />
      <field name="WATValue" required="N" />
      <field name="MGNumRetries" required="N" />
      <field name="MGRetryInterval" required="N" />
      <field name="TriggerPrice" required="N" />
      <field name="TriggerPriceType" required="N" />
      <field name="TriggerQtyType" required="N" />
      <field name="TriggerQtyOperator" required="N" />
      <field name="SyntheticOrdType" required="N" />
      <field name="SyntheticOrdMod" required="N" />
      <field name="HandlInst" required="N" />
      <field name="TriggerQty" required="N" />
      <field name="TrailingOffset" required="N" />
      <field name="TrailingPriceType" required="N" />
      <field name="SlicerIntervalValue" required="N" />
      <field name="SlicerIntervalUnit" required="N" />
      <field name="DurationType" required="N" />
      <field name="DurationValue" required="N" />
      <field name="DurationUnit" required="N" />
      <field name="DurationBeginTime" required="N" />
      <field name="DurationEndTime" required="N" />
      <field name="DisclosedQtyValue" required="N" />
      <field name="DisclosedQtyVariance" required="N" />
      <field name="LeftActionTrigger" required="N" />
      <field name="LeftAction" required="N" />
      <field name="LeftPayupTicks" required="N" />
      <field name="BrokerID" required="N" />
      <field name="CompanyID" required="N" />
      <group name="NoMiscFees" required="N">
        <field name="MiscFeeAmt" required="N" />
      </group>
      <group name="NoRelatedSym" required="N">
        <field name="UnderlyingSymbol" required="N" />
        <field name="UnderlyingSecurityID" required="N" />
        <field name="UnderlyingSecurityType" required="N" />
        <field name="UnderlyingMaturityMonthYear" required="N" />
        <field name="UnderlyingStrikePrice" required="N" />
        <field name="UnderlyingPutOrCall" required="N" />
        <field name="UnderlyingMaturityDay" required="N" />
        <field name="UnderlyingOptAttribute" required="N" />
        <field name="UnderlyingSecurityExchange" required="N" />
        <field name="UnderlyingDeliveryTerm" required="N" />
        <field name="UnderlyingSecurityAltID" required="N" />
        <field name="LegSide" required="N" />
        <field name="RatioQty" required="N" />
        <field name="UnderlyingCurrency" required="N" />
        <field name="LegPrice" required="N" />
      </group>
      <group name="NoLinks" required="N">
        <field name="LinkID" required="Y" />
        <field name="LinkType" required="Y" />
      </group>
    </message>
    <!-- NOTE: This request is valid only for multi-session configurations. -->
    <message name="RequestForPosition" msgtype="UAN" msgcat="app">
      <field name="Account" required="N" />
      <field name="PosReqId" required="Y" />
      <field name="PosReqType" required="Y" />
      <field name="SubscriptionRequestType" required="N" />
      <field name="IncludeHistoricalFills" required="N" />
      <field name="BrokerID" required="N" />
      <field name="CompanyID" required="N" />
    </message>
    <message name="GatewayStatusRequest" msgtype="UAR" msgcat="app">
      <field name="GatewayStatusReqId" required="Y" />
      <field name="SubscriptionRequestType" required="Y" />
    </message>
    <message name="GatewayStatus" msgtype="UAT" msgcat="app">
      <field name="GatewayStatusReqId" required="Y" />
      <field name="UnsolicitedIndicator" required="N" />
      <group name="NoGatewayStatus" required="Y">
        <field name="GatewayStatus" required="Y" />
        <field name="SecurityExchange" required="Y" />
        <field name="ExchangeGateway" required="Y" />
        <field name="SubExchangeGateway" required="Y" />
        <field name="Text" required="N" />
      </group>
    </message>
    <!-- End FIX Adapter Custom Messages -->
  </messages>
  <fields>
    <field number="1" name="Account" type="STRING" />
    <field number="6" name="AvgPx" type="PRICE" />
    <field number="7" name="BeginSeqNo" type="INT" />
    <field number="8" name="BeginString" type="STRING" />
    <field number="9" name="BodyLength" type="INT" />
    <field number="10" name="CheckSum" type="STRING" />
    <field number="11" name="ClOrdID" type="STRING" />
    <field number="14" name="CumQty" type="QTY" />
    <field number="15" name="Currency" type="CURRENCY" />
    <field number="16" name="EndSeqNo" type="INT" />
    <field number="17" name="ExecID" type="STRING" />
    <field number="18" name="ExecInst" type="CHAR" >
      <value enum="0" description="UNKNOWN" />
      <value enum="1" description="NOT_HELD" />
      <value enum="5" description="HELD" />
    </field>
    <field number="19" name="ExecRefID" type="STRING" />
    <field number="20" name="ExecTransType" type="CHAR">
      <value enum="0" description="NEW" />
      <value enum="2" description="CORRECT" />
      <value enum="3" description="STATUS" />
    </field>
    <field number="21" name="HandlInst" type="CHAR">
      <value enum="1" description="AutomatedPrivate" />
      <value enum="3" description="Manual" />
    </field>
    <field number="31" name="LastPx" type="PRICE" />
    <field number="32" name="LastShares" type="QTY" />
    <field number="34" name="MsgSeqNum" type="INT" />
    <field number="35" name="MsgType" type="STRING" />
    <field number="36" name="NewSeqNo" type="INT" />
    <field number="37" name="OrderID" type="STRING" />
    <field number="38" name="OrderQty" type="QTY" />
    <field number="39" name="OrdStatus" type="CHAR">
      <value enum="0" description="NEW" />
      <value enum="1" description="PARTIALLY_FILLED" />
      <value enum="2" description="FILLED" />
      <value enum="4" description="CANCELED" />
      <value enum="5" description="REPLACED" />
      <value enum="6" description="PENDING_CANCEL" />
      <value enum="8" description="REJECTED" />
      <value enum="9" description="SUSPENDED" />
      <value enum="A" description="PENDING_NEW" />
      <value enum="C" description="EXPIRED" />
      <value enum="E" description="PENDING_REPLACE" />
      <value enum="U" description="UNKNOWN" />
    </field>
    <field number="40" name="OrdType" type="CHAR">
      <value enum="1" description="MARKET" />
      <value enum="2" description="LIMIT" />
      <value enum="3" description="STOP" />
      <value enum="4" description="STOP_LIMIT" />
      <value enum="5" description="MARKET_ON_CLOSE" />
      <value enum="8" description="CROSS" />
      <value enum="B" description="LIMIT_ON_CLOSE" />
      <value enum="O" description="LIMIT_STOP_MARKET" />
      <value enum="J" description="MARKET_IF_TOUCHED" />
      <value enum="Q" description="MARKET_LIMIT" />
      <value enum="R" description="MARKET_TO_LIMIT" />
      <value enum="S" description="STOP_MARKET_TO_LIMIT" />
      <value enum="T" description="MARKET_TO_LIMIT_IF_TOUCHED" />
      <value enum="U" description="BEST_LIMIT" />
      <value enum="V" description="STOP_BEST_LIMIT" />
      <value enum="W" description="LIMIT_IF_TOUCHED" />
      <value enum="X" description="BEST_LIMIT_IF_TOUCHED" />
    </field>
    <field number="41" name="OrigClOrdID" type="STRING" />
    <field number="43" name="PossDupFlag" type="BOOLEAN">
      <value enum="Y" description="POSSIBLE_DUPLICATE" />
      <value enum="N" description="ORIGINAL_TRANSMISSION" />
    </field>
    <field number="44" name="Price" type="PRICE" />
    <field number="45" name="RefSeqNum" type="INT" />
    <field number="47" name="Rule80A" type="CHAR">
      <value enum="A" description="AGENCY_SINGLE_ORDER" />
      <value enum="E" description="REGISTERED_EQUITY_MARKET_MAKER_TRADES" />
      <value enum="P" description="PRINCIPAL" />
      <value enum="W" description="GIVEUP" />
      <value enum="0" description="UNKNOWN" />
    </field>
    <field number="48" name="SecurityID" type="STRING" />
    <field number="49" name="SenderCompID" type="STRING" />
    <field number="50" name="SenderSubID" type="STRING" />
    <field number="52" name="SendingTime" type="UTCTIMESTAMP" />
    <field number="54" name="Side" type="CHAR">
      <value enum="1" description="BUY" />
      <value enum="2" description="SELL" />
    </field>
    <field number="55" name="Symbol" type="STRING" />
    <field number="56" name="TargetCompID" type="STRING" />
    <field number="57" name="TargetSubID" type="STRING" />
    <field number="58" name="Text" type="STRING" />
    <field number="59" name="TimeInForce" type="CHAR">
      <value enum="0" description="GOOD_TILL_DAY" />
      <value enum="1" description="GOOD_TILL_CANCEL" />
      <value enum="2" description="AT_THE_OPENING" />
      <value enum="3" description="IMMEDIATE_OR_CANCEL" />
      <value enum="4" description="FILL_OR_KILL" />
      <value enum="6" description="GOOD_TILL_DATE" />
      <value enum="8" description="GOOD_IN_SESSION" />
    </field>
    <field number="60" name="TransactTime" type="UTCTIMESTAMP" />
    <field number="63" name="SettlType" type="STRING" />
    <field number="75" name="TradeDate" type="STRING" />
    <field number="76" name="ExecBroker" type="STRING" />
    <field number="77" name="OpenClose" type="CHAR">
      <value enum="O" description="OPEN" />
      <value enum="C" description="CLOSE" />
      <value enum="F" description="FIFO" />
    </field>
    <field number="96" name="RawData" type="DATA" />
    <field number="97" name="PossResendFlag" type="BOOLEAN">
      <value enum="Y" description="POSSIBLE_RESEND" />
      <value enum="N" description="ORIGINAL_TRANSMISSION" />
    </field>
    <field number="98" name="EncryptMethod" type="INT">
      <value enum="0" description="NONE_OTHER" />
    </field>
    <field number="99" name="StopPx" type="PRICE" />
    <field number="102" name="CxlRejReason" type="INT">
      <value enum="0" description="TOO_LATE_TO_CANCEL" />
      <value enum="1" description="UNKNOWN_ORDER" />
      <value enum="2" description="BROKER_OPTION" />
      <value enum="3" description="ALREADY_PENDING" />
      <value enum="4" description="BROKERTEC_TOO_EARLY_TO_CANCEL" />
      <value enum="100" description="TIMED_OUT" />
    </field>
    <field number="103" name="OrdRejReason" type="INT">
      <value enum="0" description="BROKER_OPTION" />
      <value enum="5" description="UNKNOWN_ORDER" />
      <value enum="99" description="INSUFFICIENT_TTUS_PERMISSIONS" />
      <value enum="100" description="TIMED_OUT" />
    </field>
    <field number="107" name="SecurityDesc" type="STRING" />
    <field number="108" name="HeartBtInt" type="INT" />
    <field number="110" name="MinQty" type="QTY" />
    <field number="112" name="TestReqID" type="STRING" />
    <field number="116" name="OnBehalfOfSubID" type="STRING" />
    <field number="122" name="OrigSendingTime" type="UTCTIMESTAMP" />
    <field number="123" name="GapFillFlag" type="BOOLEAN">
      <value enum="Y" description="GAP_FILL_MESSAGE_MSGSEQNUM_FIELD_VALID" />
      <value enum="N" description="SEQUENCE_RESET_IGNORE_MSGSEQNUM" />
    </field>
    <field number="129" name="DeliverToSubID" type="STRING" />
    <field number="136" name="NoMiscFees" type="INT" />
    <field number="137" name="MiscFeeAmt" type="FLOAT" />
    <field number="141" name="ResetSeqNumFlag" type="BOOLEAN">
      <value enum="Y" description="YES_RESET_SEQUENCE_NUMBERS" />
      <value enum="N" description="NO" />
    </field>
    <field number="146" name="NoRelatedSym" type="INT" />
    <field number="150" name="ExecType" type="CHAR">
      <value enum="0" description="NEW" />
      <value enum="1" description="PARTIAL_FILL" />
      <value enum="2" description="FILL" />
      <value enum="4" description="CANCELED" />
      <value enum="5" description="REPLACE" />
      <value enum="6" description="PENDING_CANCEL" />
      <value enum="8" description="REJECTED" />
      <value enum="C" description="EXPIRED" />
      <value enum="D" description="RESTATED" />
    </field>
    <field number="151" name="LeavesQty" type="QTY" />
    <field number="167" name="SecurityType" type="STRING">
      <value enum="CS" description="COMMON_STOCK" />
      <value enum="FOR" description="FOREIGN_EXCHANGE_CONTRACT" />
      <value enum="FUT" description="FUTURE" />
      <value enum="GOVT" description="TREASURIES_PLUS_AGENCY_DEBENTURE" />
      <value enum="IDX" description="INDEX" />
      <value enum="MLEG" description="MULTI_LEG" />
      <value enum="NRG" description="ENERGY" />
      <value enum="OPT" description="OPTION" />
      <value enum="FXNDF" description="NDF" />
    </field>
    <field number="198" name="SecondaryOrderID" type="STRING" />
    <field number="200" name="MaturityMonthYear" type="MONTHYEAR" />
    <field number="201" name="PutOrCall" type="INT">
      <value enum="0" description="PUT" />
      <value enum="1" description="CALL" />
    </field>
    <field number="202" name="StrikePrice" type="PRICE" />
    <field number="204" name="CustomerOrFirm" type="INT">
      <value enum="0" description="CUSTOMER" />
      <value enum="1" description="FIRM" />
      <value enum="2" description="THIRD_AGENT_ACCOUNT_OR_GIVEUP_OR_SYSTEM_ALLOCATION" />
      <value enum="3" description="FOURTH_AGENT_ACCOUNT" />
      <value enum="4" description="FIFTH_AGENT_ACCOUNT" />
      <value enum="5" description="SIXTH_AGENT_ACCOUNT" />
      <value enum="6" description="SEVENTH_AGENT_ACCOUNT" />
      <value enum="7" description="EIGHTH_AGENT_ACCOUNT" />
      <value enum="8" description="NINTH_AGENT_ACCOUNT" />
    </field>
    <field number="205" name="MaturityDay" type="DAYOFMONTH" />
    <field number="206" name="OptAttribute" type="CHAR" />
    <field number="207" name="SecurityExchange" type="EXCHANGE" />
    <field number="210" name="MaxShow" type="QTY" />
    <field number="262" name="MDReqID" type="STRING" />
    <field number="263" name="SubscriptionRequestType" type="CHAR">
      <value enum="0" description="SNAPSHOT" />
      <value enum="1" description="SNAPSHOT_PLUS_UPDATES" />
      <value enum="2" description="DISABLE_PREVIOUS" />
    </field>
    <field number="264" name="MarketDepth" type="INT">
      <value enum="0" description="FULL_BOOK"/>
      <value enum="1" description="TOP_OF_BOOK"/>
    </field>
    <field number="265" name="MDUpdateType" type="INT">
      <value enum="0" description="FULL_REFRESH" />
      <value enum="1" description="INCREMENTAL_REFRESH" />
    </field>
    <field number="266" name="AggregatedBook" type="BOOLEAN">
      <value enum="Y" description="ONE_BOOK_ENTRY_PER_SIDE_PER_PRICE" />
    </field>
    <field number="267" name="NoMDEntryTypes" type="INT" />
    <field number="268" name="NoMDEntries" type="INT" />
    <field number="269" name="MDEntryType" type="CHAR">
      <value enum="0" description="BID" />
      <value enum="1" description="OFFER" />
      <value enum="2" description="TRADE" />
      <value enum="4" description="OPENING_PRICE" />
      <value enum="5" description="CLOSING_PRICE" />
      <value enum="6" description="SETTLEMENT_PRICE" />
      <value enum="7" description="TRADING_SESSION_HIGH_PRICE" />
      <value enum="8" description="TRADING_SESSION_LOW_PRICE" />
      <value enum="p" description="INDICATIVE_OPEN" />
      <value enum="q" description="INDICATIVE_CLOSE" />
      <value enum="n" description="MARKET_BID" />
      <value enum="o" description="MARKET_ASK" />
      <value enum="r" description="INDICATIVE_BID" />
      <value enum="s" description="INDICATIVE_ASK" />
      <value enum="t" description="INDICATIVE_SETTLE" />
      <value enum="u" description="LOCAL_BID" />
      <value enum="v" description="LOCAL_OFFER" />
      <value enum="w" description="DEALABLE_REGULAR_BID" />
      <value enum="x" description="DEALABLE_REGULAR_OFFER" />
      <value enum="y" description="NON_CREDIT_SCREENED_BID" />
      <value enum="z" description="NON_CREDIT_SCREENED_OFFER" />
      <value enum="P" description="WORKUP_PRICE" />
      <value enum="Y" description="IMPLIED_BID" />
      <value enum="Z" description="IMPLIED_ASK" />
    </field>
    <field number="270" name="MDEntryPx" type="PRICE" />
    <field number="271" name="MDEntrySize" type="QTY" />
    <field number="272" name="MDEntryDate" type="UTCDATE" />
    <field number="273" name="MDEntryTime" type="UTCTIMEONLY" />
    <field number="277" name="TradeCondition" type="CHAR">
      <value enum="S" description="BROKERTEC_SELF_TRADE" />
    </field>
    <field number="278" name="MDEntryID" type="STRING" />
    <field number="279" name="MDUpdateAction" type="CHAR">
      <value enum="0" description="NEW" />
      <value enum="1" description="CHANGE" />
      <value enum="2" description="DELETE" />
    </field>
    <field number="288" name="MDEntryBuyer" type="INT" />
    <field number="289" name="MDEntrySeller" type="INT" />
    <field number="290" name="MDEntryPositionNo" type="INT" />
    <field number="308" name="UnderlyingSecurityExchange" type="EXCHANGE" />
    <field number="309" name="UnderlyingSecurityID" type="STRING" />
    <field number="310" name="UnderlyingSecurityType" type="STRING" />
    <field number="311" name="UnderlyingSymbol" type="STRING" />
    <field number="313" name="UnderlyingMaturityMonthYear" type="MONTHYEAR" />
    <field number="314" name="UnderlyingMaturityDay" type="DAYOFMONTH" />
    <field number="316" name="UnderlyingStrikePrice" type="PRICE" />
    <field number="315" name="UnderlyingPutOrCall" type="INT" >
      <value enum="0" description="PUT" />
      <value enum="1" description="CALL" />
    </field>
    <field number="317" name="UnderlyingOptAttribute" type="CHAR" />
    <field number="318" name="UnderlyingCurrency" type="CURRENCY" />
    <field number="319" name="RatioQty" type="QTY" />
    <field number="320" name="SecurityReqID" type="STRING" />
    <field number="321" name="SecurityRequestType" type="INT">
      <value enum="1" description="REQUEST_ID_FOR_SPECS" />
      <value enum="3" description="REQUEST_LIST_SECURITIES" />
    </field>
    <field number="322" name="SecurityResponseID" type="STRING" />
    <field number="323" name="SecurityResponseType" type="INT">
      <value enum="4" description="LIST_OF_SECURITIES_RETURNED_PER_REQUEST" />
      <value enum="5" description="REJECT" />
    </field>
    <field number="324" name="SecurityStatusReqID" type="STRING" />
    <field number="325" name="UnsolicitedIndicator" type="BOOLEAN">
      <value enum="Y" description="MESSAGE_IS_BEING_SENT_UNSOLICITED" />
    </field>
    <field number="326" name="SecurityTradingStatus" type="INT">
      <value enum="2" description="TRADING_HALT" />
      <value enum="17" description="READY_TO_TRADE" />
      <value enum="18" description="NOT_AVAILABLE_FOR_TRADING" />
      <value enum="19" description="NOT_TRADED_ON_THIS_MARKET" />
      <value enum="20" description="UNKNOWN_OR_INVALID" />
      <value enum="21" description="PREOPEN" />
      <value enum="23" description="FAST_MARKET" />
      <value enum="97" description="INSUFFICIENT_TTUS_PERMISSIONS" />
      <value enum="98" description="POST_TRADE" />
      <value enum="99" description="PRE_TRADE" />
    </field>
    <field number="346" name="NumberOfOrders" type="QTY" />
    <field number="371" name="RefTagID" type="INT" />
    <field number="372" name="RefMsgType" type="STRING" />
    <field number="373" name="SessionRejectReason" type="INT">
      <value enum="1" description="REQUIRED_TAG_MISSING" />
      <value enum="6" description="INCORRECT_DATA_FORMAT_FOR_VALUE" />
      <value enum="9" description="COMPID_PROBLEM" />
    </field>
    <field number="375" name="ContraBroker" type="STRING" />
    <field number="378" name="ExecRestatementReason" type="INT">
      <value enum="4" description="BROKER_OPTION" />
    </field>
    <field number="379" name="BusinessRejectRefID" type="STRING" />
    <field number="380" name="BusinessRejectReason" type="INT">
      <value enum="0" description="OTHER" />
      <value enum="1" description="UNKOWN_ID" />
      <value enum="3" description="UNSUPPORTED_MESSAGE_TYPE" />
      <value enum="5" description="CONDITIONALLY_REQUIRED_FIELD_MISSING" />
    </field>
    <field number="387" name="TotalVolumeTraded" type="QTY" />
    <field number="393" name="TotalNumSecurities" type="INT" />
    <field number="432" name="ExpireDate" type="LOCALMKTDATE" />
    <field number="434" name="CxlRejResponseTo" type="CHAR">
      <value enum="1" description="CANCEL" />
      <value enum="2" description="REPLACE" />
    </field>
    <field number="440" name="ClearingAccount" type="STRING" />
    <field number="442" name="MultiLegReportingType" type="CHAR">
      <value enum="1" description="SINGLE" />
      <value enum="2" description="LEG" />
      <value enum="3" description="SUMMARY" />
    </field>
    <!-- FIX 4.4 -->
    <field number="669" name="LastParPx" type="PRICE" />
    <!-- FIX Adapter Custom Field Definitions -->
    <field number="864" name="NoEvents" type="INT" />
    <field number="865" name="EventType" type="INT" >
      <value enum="5" description="EXPIRY DATE" />
    </field>
    <field number="866" name="EventDate" type="LOCALMKTDATE" />
    <field number="6038" name="OrderEnteredTime" type="UTCTIMESTAMP" />
    <field number="10442" name="ExpectedFillType" type="INT" />
    <field number="10455" name="SecurityAltID" type="STRING" />
    <field number="10456" name="UnderlyingSecurityAltID" type="STRING" />
    <field number="10527" name="SecondaryExecID" type="STRING" />
    <field number="10541" name="FixingDate" type="STRING" />
    <field number="10553" name="TTUsername" type="STRING" />
    <field number="10566" name="LegPrice" type="PRICE" />
    <field number="10762" name="SecuritySubType" type="STRING">
      <value enum="Unknown" description="UNKNOWN" />
      <value enum="Strangle" description="STRANGLE" />
      <value enum="Straddle" description="STRADDLE" />
      <value enum="Guts" description="GUTS" />
      <value enum="Ladder" description="LADDER" />
      <value enum="Volatility Trade" description="VOLA" />
      <value enum="Iron BFly" description="IRON_BUTTERFLY" />
      <value enum="Box" description="BOX" />
      <value enum="Combo" description="COMBO" />
      <value enum="2X1 Ratio" description="2X1RATIO" />
      <value enum="Misc. Call/Put Spread" description="CALLPUT" />
      <value enum="Conversion/Reversal" description="CONV_REVERS" />
      <value enum="Diag Calendar" description="DIAG_CALENDAR" />
      <value enum="Strad Calendar" description="STRAD_CALENDAR" />
      <value enum="Diag Strad Calendar" description="DIAG_STRAD_CAL" />
      <value enum="Inter-Product" description="INTERPROD" />
      <value enum="Calendar" description="CALENDAR" />
      <value enum="Condor" description="CONDOR" />
      <value enum="Butterfly" description="BUTTERFLY" />
      <value enum="Strip" description="STRIP" />
      <value enum="Pack" description="PACK" />
      <value enum="Bundle" description="BUNDLE" />
      <value enum="Synthetic Conv/Rev" description="SYNTH_CONV_REVERS" />
      <value enum="Call Spread vs. Put" description="CALL_SPREAD_VERS_PUT" />
      <value enum="Put Spread vs. Call" description="PUT_SPREAD_VERS_CALL" />
      <value enum="Straddle vs. Call/Put" description="STRAD_VERS_CALLPUT" />
      <value enum="Hedged Call/Put Spread" description="HEDGED_CALLPUT" />
      <value enum="Hedged Straddle" description="HEDGED_STRAD" />
      <value enum="Hedged Call Spread versus Put" description="HEDGED_CALL_SPREAD_VERS_PUT" />
      <value enum="Hedged Put Spread versus Call" description="HEDGED_PUT_SPREAD_VERS_CALL" />
      <value enum="Hedged Ladder" description="HEDGED_CALLPUT_LADDER" />
      <value enum="Hedged Combo" description="HEDGED_COMBO" />
      <value enum="Vol 1x2 Ratio" description="HEDGED_2X1RATIO" />
      <value enum="Vol Calendar" description="HEDGED_CALENDAR" />
      <value enum="Jelly Roll" description="JELLY_ROLL" />
      <value enum="Iron Condor" description="IRON_CONDOR" />
      <value enum="Option Strip" description="OPTION_STRIP" />
      <value enum="Reduced Tick Spread" description="REDUCED_TICK_SPREAD" />
      <value enum="Hedged Strangle" description="HEDGED_STRANGLE" />
      <value enum="Spread" description="FUTURE_SPREAD" />
      <value enum="Hedged Call/Put Diag Calendar Spread" description="HEDGED_DIAG_CALENDAR" />
      <value enum="Hedged Straddle Calendar Spread" description="HEDGED_STRAD_CALENDAR" />
      <value enum="Hedged Diagonal Straddle Calendar Spread" description="HEDGED_DIAG_STRAD_CAL" />
      <value enum="Hedged Butterfly" description="HEDGED_BUTTERFLY" />
      <value enum="Hedged Iron Condor" description="HEDGED_IRON_CONDOR" />
      <value enum="Hedged Condor" description="HEDGED_CONDOR" />
      <value enum="Hedged Iron Butterfly" description="HEDGED_IRON_BUTTERFLY" />
      <value enum="Hedged Guts" description="HEDGED_GUTS" />
      <value enum="Cabinet" description="CABINET" />
      <value enum="Conversion/Reversal vs. Short U/L" description="HEDGED_CONV_REVERS" />
      <value enum="Buy/Write" description="BUY_WRITE" />
      <value enum="Vertical" description="VERTICAL" />
      <value enum="Custom Market" description="CUSTOM_MARKET" />
      <value enum="Covered" description="COVERED" />
      <value enum="Horizontal" description="HORIZONTAL" />
      <value enum="X-Mas Tree" description="XMAS_TREE" />
      <value enum="Risk Reversal" description="RISK_REVERSAL" />
      <value enum="Horizontal Straddle" description="HORIZONTAL_STRADDLE" />
      <value enum="Double" description="DOUBLE" />
      <value enum="Conditional Curve" description="COND_CURVE" />
      <value enum="Straddle Strip" description="STRADDLE_STRIP" />
      <value enum="3-Way" description="3WAY" />
      <value enum="1x2 Ratio" description="1X2RATIO" />
      <value enum="1x3 Ratio" description="1X3RATIO" />
      <value enum="2x3 Ratio" description="2X3RATIO" />
      <value enum="Pack Butterfly" description="PACK_BUTTERFLY" />
      <value enum="Double Butterfly" description="DOUBLE_BUTTERFLY" />
      <value enum="Month vs. Pack" description="MONTH_PACK" />
      <value enum="Crack" description="CRACK" />
      <value enum="Hedged Vertical" description="HEDGED_VERTICAL" />
      <value enum="Hedged Horizontal" description="HEDGED_HORIZONTAL" />
      <value enum="Hedged X-Mas Tree" description="HEDGED_XMAS_TREE" />
      <value enum="Hedged Strip" description="HEDGED_STRIP" />
      <value enum="Hedged Risk Reversal" description="HEDGED_RISK_REVERSAL" />
      <value enum="Hedged Horizontal Straddle" description="HEDGED_HORIZONTAL_STRADDLE" />
      <value enum="Hedged Double" description="HEDGED_DOUBLE" />
      <value enum="Hedged Conditional Curve" description="HEDGED_COND_CURVE" />
      <value enum="Hedged Straddle Strip" description="HEDGED_STRADDLE_STRIP" />
      <value enum="Hedged 3-Way" description="HEDGED_3WAY" />
      <value enum="Hedged Box" description="HEDGED_BOX" />
      <value enum="Tailor Made Combinations" description="TAILOR_MADE" />
      <value enum="ICS" description="ICS" />
      <value enum="Non Standard Combination" description="NON_STANDARD_COMBINATION" />
      <value enum="3-Way Straddle vs. Call" description="3WAY_CALL" />
      <value enum="3-Way Straddle vs. Put" description="3WAY_PUT" />
      <value enum="Custom Carry" description="CUSTOM_CARRY" />
      <value enum="Reverse Reduced Tick Calendar Spread" description="RRTCS" />
    </field>
    <field number="10828" name="TrdType" type="INT">
      <value enum="1" description="Block Trade" />
      <value enum="12" description="Exchange For Swap (EFS)" />
      <value enum="89" description="Committed"/>
      <value enum="90" description="Exchange for Physical - Equity Index"/>
      <value enum="91" description="Exchange for Physical - Fixed Income"/>
      <value enum="92" description="Cross"/>
      <value enum="93" description="One-Sided"/>
      <value enum="94" description="Against Actual" />
      <value enum="95" description="Asset Allocation" />
      <value enum="96" description="Basis" />
      <value enum="97" description="Guaranteed Cross" />
      <value enum="98" description="Prof Trade" />
      <value enum="99" description="Vola" />
    </field>
    <field number="11028" name="ManualOrderIndicator" type="CHAR">
      <value enum="Y" description="Order was sent manually" />
      <value enum="N" description="Order was generated by automated trading logic" />
    </field>
    <field number="16017" name="OrigExecID" type="STRING" />
    <field number="16018" name="TTSessionID" type="STRING" />
    <field number="16101" name="SyntheticOrdStatus" type="STRING">
      <value enum="N" description="Waiting" />
      <value enum="T" description="Pending Trigger" />
      <value enum="J" description="Rejected" />
      <value enum="W" description="Working" />
      <value enum="H" description="Hold" />
      <value enum="P" description="Paused" />
      <value enum="E" description="Deleting" />
      <value enum="D" description="Deleted" />
      <value enum="L" description="Pulling" />
      <value enum="S" description="Pausing" />
      <value enum="M" description="Resuming" />
      <value enum="I" description="Initializing" />
      <value enum="R" description="Recovering" />
      <value enum="F" description="Filled" />
      <value enum="X" description="Expired" />
      <value enum="U" description="Unmanaged" />
    </field>
    <field number="16104" name="UserTag" type="STRING" />
    <field number="16105" name="OrderTag" type="STRING" />
    <field number="16106" name="StagedOrderMsg" type="STRING" />
    <field number="16107" name="SyntheticOrdType" type="STRING">
      <value enum="1" description="Time Slicer" />
      <value enum="2" description="Time Duration" />
      <value enum="3" description="Volume Slicer" />
      <value enum="4" description="Volume Duration" />
      <value enum="5" description="Iceberg" />
    </field>
    <field number="16108" name="SyntheticOrdMod" type="STRING">
      <value enum="1" description="Stop" />
      <value enum="2" description="If-Touched" />
      <value enum="3" description="Trailing Stop" />
      <value enum="4" description="Trailing If-Touched" />
      <value enum="5" description="Trailing Limit" />
      <value enum="6" description="Machine Gun" />
    </field>
    <field number="16109" name="StagedOrderStatus" type="CHAR">
      <value enum="A" description="Available" />
      <value enum="O" description="Owned" />
    </field>
    <field number="16110" name="StagedOrderOwner" type="STRING" />
    <field number="16111" name="StagedRoutingLevel" type="CHAR" >
      <value enum="B" description="Broker" />
      <value enum="I" description="Internal" />
    </field>
    <field number="16102" name="FFT2" type="STRING" />
    <field number="16103" name="FFT3" type="STRING" />
    <field number="16112" name="NoLinks" type="INT" />
    <field number="16113" name="LinkID" type="STRING" />
    <field number="16114" name="LinkType" type="CHAR" >
      <value enum="1" description="SPREAD_QUOTING" />
      <value enum="2" description="SPREAD_HEDGE" />
      <value enum="3" description="SPREAD_POSITION_RESERVE" />
      <value enum="5" description="SYNTHETIC_CHILD" />
      <value enum="6" description="SYNTHETIC_CHILD_POSITION_RESERVE" />
      <value enum="7" description="STAGED_CHILD" />
      <value enum="A" description="ALGO_CHILD" />
      <value enum="U" description="UNKNOWN" />
    </field>
    <field number="16116" name="RelativePriceType" type="STRING">
      <value enum="0" description="LTP" />
      <value enum="1" description="Bid" />
      <value enum="2" description="Ask" />
      <value enum="3" description="SameSide" />
      <value enum="4" description="OppositeSide" />
      <value enum="5" description="Trigger" />
    </field>
    <field number="16117" name="RelativePriceOffset" type="INT"/>
    <field number="16118" name="StartDateTime" type="UTCTIMESTAMP"/>
    <field number="16119" name="EndDateTime" type="UTCTIMESTAMP"/>
    <field number="16120" name="EndDateTimeAction" type="STRING">
      <value enum="C" description="Cancel" />
      <value enum="M" description="Market" />
      <value enum="L" description="Leave" />
    </field>
    <field number="16121" name="WATType" type="STRING">
      <value enum="1" description="Quantity" />
      <value enum="2" description="Percentage" />
    </field>
    <field number="16122" name="WATValue" type="INT" />
    <field number="16123" name="MGNumRetries" type="INT" />
    <field number="16124" name="MGRetryInterval" type="INT" />
    <field number="16125" name="TriggerPrice" type="PRICE" />
    <field number="16126" name="TriggerPriceType" type="STRING">
      <value enum="0" description="LTP" />
      <value enum="1" description="Bid" />
      <value enum="2" description="Ask" />
      <value enum="3" description="SameSide" />
      <value enum="4" description="OppositeSide" />
    </field>
    <field number="16127" name="TriggerQtyType" type="STRING">
      <value enum="1" description="Absolute Quantity" />
      <value enum="2" description="Percentage" />
    </field>
    <field number="16128" name="TriggerQtyOperator" type="STRING">
      <value enum="0" description="Greater Than or Equal To" />
      <value enum="1" description="Less Than or Equal To" />
    </field>
    <field number="16129" name="TriggerQty" type="INT"/>
    <field number="16130" name="TrailingOffset" type="INT"/>
    <field number="16131" name="TrailingPriceType" type="STRING">
      <value enum="0" description="LTP" />
      <value enum="1" description="Bid" />
      <value enum="2" description="Ask" />
      <value enum="3" description="SameSide" />
      <value enum="4" description="OppositeSide" />
    </field>
    <field number="16142" name="OrderOriginationID" type="STRING" />
    <field number="16143" name="ExchangeOrderID" type="STRING" />
    <field number="16144" name="DisclosedQtyValue" type="INT" />
    <field number="16145" name="DisclosedQtyVariance" type="INT" />
    <field number="16147" name="SlicerIntervalValue" type="INT"/>
    <field number="16148" name="SlicerIntervalUnit" type="STRING">
      <value enum="1" description="Minutes" />
      <value enum="2" description="Seconds" />
      <value enum="3" description="Milliseconds" />
    </field>
    <field number="16149" name="DurationType" type="STRING">
      <value enum="1" description="Time" />
      <value enum="2" description="Time Intervale" />
      <value enum="3" description="Volume" />
    </field>
    <field number="16150" name="DurationValue" type="INT"/>
    <field number="16151" name="DurationUnit" type="STRING">
      <value enum="1" description="Hours" />
      <value enum="2" description="Minutes" />
      <value enum="3" description="Seconds" />
    </field>
    <field number="16152" name="DurationBeginTime" type="UTCTIMESTAMP"/>
    <field number="16153" name="DurationEndTime" type="UTCTIMESTAMP"/>
    <field number="16154" name="LeftActionTrigger" type="STRING">
      <value enum="0" description="At End" />
      <value enum="1" description="Half Life" />
    </field>
    <field number="16155" name="LeftAction" type="STRING">
      <value enum="0" description="Leave" />
      <value enum="1" description="Merge" />
      <value enum="2" description="Market" />
      <value enum="3" description="Payup" />
    </field>
    <field number="16156" name="LeftPayupTicks" type="INT" />
    <field number="16157" name="MarketOrderLimit" type="INT" />
    <field number="16210" name="RealizedPandL" type="CURRENCY" />
    <field number="16309" name="ExchContractSymbol" type="STRING" />
    <field number="16451" name="PriceDisplayType" type="INT">
      <value enum="0" description="NORMAL" />
      <value enum="1" description="THIRTY_SECONDS" />
      <value enum="2" description="YIELD_PRICE_ONE" />
      <value enum="3" description="YIELD_PRICE_TWO" />
      <value enum="4" description="DISCOUNT" />
      <value enum="5" description="DECIMAL" />
      <value enum="6" description="BASIS" />
      <value enum="7" description="ROLL" />
      <value enum="8" description="SPREAD" />
      <value enum="9" description="512TH" />
      <value enum="10" description="HALF_CENTS" />
      <value enum="11" description="FOURTHS" />
      <value enum="12" description="MODIFIED_FOURTHS" />
      <value enum="13" description="EIGHTHS" />
      <value enum="14" description="MODIFIED_DECIMAL_FOURTHS" />
      <value enum="15" description="THIRTY_SECONDS" />
      <value enum="16" description="SIXTY_FOURTHS" />
      <value enum="17" description="HALF_THIRTY_SECONDS" />
      <value enum="18" description="QUARTER_THIRTY_SECONDS" />
      <value enum="19" description="HALF_SIXTY_FOURTHS" />
      <value enum="20" description="FIVES" />
      <value enum="21" description="HALF_POINTS" />
      <value enum="22" description="FIVE_ONE_THOUSANDTHS" />
      <value enum="23" description="ONE_HUNDRETHS" />
      <value enum="24" description="TENTHS" />
      <value enum="25" description="TEN_HUNDREDTHS_OF_A_CENT" />
      <value enum="26" description="NO_DECIMALS" />
      <value enum="27" description="MODIFIED_1/40_POINTS" />
      <value enum="28" description="EIGHTH_THIRTY_SECONDS" />
      <value enum="30" description="BROKERTEC_1/64" />
      <value enum="31" description="BROKERTEC_2/8" />
      <value enum="32" description="BROKERTEC_2/8_OF_1/32" />
      <value enum="33" description="BROKERTEC_1/8_OF_1/32" />
      <value enum="34" description="BROKERTEC_BOTH_1/100_AND_1/8" />
      <value enum="35" description="BROKERTEC_NORMAL" />
      <value enum="36" description="BROKERTEC_POINTS_FFQ" />
      <value enum="37" description="BROKERTEC_32NDS_Q" />
      <value enum="38" description="QUARTER_32NDS_4X" />
      <value enum="39" description="QUARTER_32NDS_2X" />
      <value enum="40" description="BROKERTEC_YIELD" />
      <value enum="41" description="HALF_CENTS_2X" />
      <value enum="42" description="NORMAL_2X" />
      <value enum="43" description="NORMAL_5X" />
      <value enum="44" description="NORMAL_100X" />
      <value enum="45" description="FIVE_ONE_THOUSANDTHS_2X" />
      <value enum="46" description="FIVE_ONE_THOUSANDTHS_5X" />
      <value enum="47" description="FIVE_ONE_THOUSANDTHS_10X" />
      <value enum="48" description="TEN_HUNDREDTHS_2X" />
      <value enum="49" description="TEN_HUNDREDTHS_5X" />
      <value enum="50" description="TEN_HUNDREDTHS_10X" />
      <value enum="51" description="QUARTER_ONE_HUNDREDTHS" />
      <value enum="52" description="NORMAL_10X" />
      <value enum="53" description="NORMAL_50X" />
      <value enum="54" description="NORMAL_500X" />
      <value enum="55" description="NORMAL_25X" />
      <value enum="56" description="BTEC_INVERTED" />
    </field>
    <field number="16452" name="TickSize" type="FLOAT" />
    <field number="16454" name="PointValue" type="FLOAT" />
    <field number="16456" name="NumTickTblEntries" type="INT" />
    <field number="16457" name="NumTicks" type="INT" />
    <field number="16458" name="MaxPrice" type="PRICE" />
    <field number="16460" name="DeliveryUnit" type="INT" />
    <field number="16461" name="LotSize" type="INT" />
    <field number="16463" name="Blocks" type="INT" />
    <field number="16464" name="TradesInFlow" type="CHAR" />
    <field number="16480" name="PassiveAggressive" type="CHAR">
      <value enum="P" description="PASSIVE" />
      <value enum="A" description="AGGRESSIVE" />
    </field>
    <field number="16481" name="AutoAggressive" type="BOOLEAN">
      <value enum="Y" description="AUTOAGRESSIVE_ORDER" />
      <value enum="N" description="NONAUTOAGRESSIVE_ORDER" />
    </field>
    <field number="16486" name="MDEntryState" type="INT">
      <value enum="1" description="NONE" />
      <value enum="2" description="PUBLIC_WORKUP_AGGRESSOR_HIT" />
      <value enum="3" description="PUBLIC_WORKUP_AGGRESSOR_TAKE" />
      <value enum="4" description="PRIVATE_WORKUP_AGGRESSOR_HIT" />
      <value enum="5" description="PRIVATE_WORKUP_AGGRESSOR_TAKE" />
    </field>
    <field number="16487" name="MDEntrySizeType" type="STRING">
      <value enum="1" description="Minimum Available" />
      <value enum="2" description="Net Aggregate" />
      <value enum="1 2" description="Minimum Available and Net Aggregate" />
    </field>
    <field number="16488" name="AggressorSide" type="INT">
      <value enum="1" description="Buyer" />
      <value enum="2" description="Seller" />
    </field>
    <field number="16489" name="ExactNumOrdersIndicator" type="CHAR">
      <value enum="Y" description="Yes" />
      <value enum="N" description="No" />
    </field>
    <field number="16552" name="ExchTickSize" type="FLOAT" />
    <field number="16554" name="ExchPointValue" type="FLOAT" />
    <field number="16624" name="LegSide" type="INT" />
    <field number="16710" name="PosReqId" type="STRING" />
    <field number="16721" name="PosMaintRptId" type="STRING" />
    <field number="16724" name="PosReqType" type="INT">
      <value enum="0" description="POSITIONS" />
      <value enum="1" description="TRADES" />
      <value enum="4" description="START_OF_DAYS" />
      <value enum="5" description="MANUAL_FILLS" />
      <value enum="6" description="DETAILED_START_OF_DAYS" />
    </field>
    <field number="16727" name="TotalNumPosReports" type="INT" />
    <field number="16728" name="TotalNumOrders" type="INT" />
    <field number="17000" name="RequestTickTable" type="BOOLEAN">
      <value enum="Y" description="YES" />
      <value enum="N" description="NO" />
    </field>
    <field number="18000" name="ForceLogout" type="INT">
      <value enum="0" description="NOT_FORCED" />
      <value enum="1" description="FORCED" />
    </field>
    <field number="18200" name="GatewayStatusReqId" type="STRING" />
    <field number="18201" name="NoGatewayStatus" type="INT" />
    <field number="18202" name="GatewayStatus" type="INT" >
      <value enum="1" description="HALTED" />
      <value enum="2" description="OPEN" />
      <value enum="3" description="CLOSED" />
      <value enum="4" description="PRE_OPEN" />
      <value enum="5" description="PRE_CLOSED" />
    </field>
    <field number="18203" name="ExchangeGateway" type="STRING" />
    <field number="18204" name="SubExchangeGateway" type="INT">
      <value enum="1" description="PRICE" />
      <value enum="2" description="ORDER" />
      <value enum="3" description="FILL" />
    </field>
    <field number="18205" name="TTAccountType" type="STRING" />
    <field number="18206" name="NoGateways" type="INT" />
    <field number="18207" name="TTSecurityAlias" type="STRING" />
    <field number="18208" name="TTStrategyEngine" type="STRING" />
    <field number="18210" name="PriceFeedStatus" type="INT" />
    <field number="18211" name="DeliveryTerm" type="CHAR">
      <value enum="D" description="DAY" />
      <value enum="W" description="WEEK" />
      <value enum="B" description="BALANCE_OF_MONTH" />
      <value enum="Q" description="QUARTER" />
      <value enum="S" description="SEASON" />
      <value enum="Y" description="YEAR" />
      <value enum="V" description="VARIABLE" />
      <value enum="L" description="BALANCE_OF_WEEK" />
      <value enum="X" description="CUSTOM" />
      <value enum="A" description="SAME_DAY" />
      <value enum="N" description="NEXT_DAY" />
    </field>
    <field number="18212" name="UnderlyingDeliveryTerm" type="CHAR">
      <value enum="D" description="DAY" />
      <value enum="W" description="WEEK" />
      <value enum="B" description="BALANCE" />
      <value enum="Q" description="QUARTER" />
      <value enum="S" description="SEASON" />
      <value enum="Y" description="YEAR" />
      <value enum="V" description="VARIABLE" />
    </field>
    <field number="18213" name="IncludeHistoricalFills" type="CHAR">
      <value enum="Y" description="Yes" />
      <value enum="N" description="No" />
    </field>
    <field number="18214" name="IncludeNumberOfOrders" type="CHAR">
      <value enum="Y" description="Yes" />
      <value enum="N" description="No" />
    </field>
    <field number="18216" name="ExchCred" type="STRING" />
    <field number="18220" name="BrokerID" type="STRING" />
    <field number="18221" name="CompanyID" type="STRING" />
    <!-- End FIX Adapter Field Definitions -->
  </fields>
</fix>
